{
	"song": {
		"player1": "bf",
		"sectionLengths": [],
		"notes": [
			{
				"lengthInSteps": 16,
				"sectionNotes": [],
				"typeOfSection": 0,
				"mustHitSection": true,
				"changeBPM": false,
				"bpm": 95
			},
			{
				"lengthInSteps": 16,
				"sectionNotes": [],
				"typeOfSection": 0,
				"mustHitSection": false,
				"changeBPM": false,
				"bpm": 175
			},
			{
				"lengthInSteps": 16,
				"sectionNotes": [],
				"typeOfSection": 0,
				"mustHitSection": false,
				"changeBPM": false,
				"bpm": 175
			},
			{
				"lengthInSteps": 16,
				"sectionNotes": [],
				"typeOfSection": 0,
				"mustHitSection": true,
				"changeBPM": false,
				"bpm": 175
			},
			{
				"lengthInSteps": 16,
				"sectionNotes": [],
				"typeOfSection": 0,
				"mustHitSection": true,
				"changeBPM": false,
				"bpm": 175
			},
			{
				"lengthInSteps": 16,
				"sectionNotes": [
					[
						12000,
						2,
						0
					],
					[
						12300,
						3,
						0
					],
					[
						12600,
						0,
						0
					],
					[
						12900,
						1,
						0
					],
					[
						13050,
						2,
						0
					],
					[
						13350,
						0,
						0
					],
					[
						13500,
						3,
						0
					],
					[
						13800,
						1,
						0
					],
					[
						13950,
						2,
						0
					],
					[
						14100,
						0,
						0
					],
					[
						12150,
						0,
						0
					]
				],
				"typeOfSection": 0,
				"mustHitSection": false,
				"changeBPM": false,
				"bpm": 175
			},
			{
				"lengthInSteps": 16,
				"sectionNotes": [
					[
						14400,
						2,
						0
					],
					[
						14550,
						0,
						0
					],
					[
						14700,
						3,
						0
					],
					[
						15000,
						0,
						0
					],
					[
						15300,
						1,
						0
					],
					[
						15450,
						2,
						0
					],
					[
						15600,
						1,
						0
					],
					[
						15750,
						3,
						0
					],
					[
						15900,
						1,
						0
					],
					[
						16050,
						2,
						0
					],
					[
						16200,
						0,
						0
					],
					[
						16500,
						2,
						0
					],
					[
						16650,
						1,
						0
					]
				],
				"typeOfSection": 0,
				"mustHitSection": false,
				"changeBPM": false,
				"bpm": 175
			},
			{
				"lengthInSteps": 16,
				"sectionNotes": [
					[
						16800,
						2,
						0
					],
					[
						16950,
						0,
						0
					],
					[
						17100,
						3,
						0
					],
					[
						17400,
						0,
						0
					],
					[
						17700,
						1,
						0
					],
					[
						17850,
						2,
						0
					],
					[
						18150,
						0,
						0
					],
					[
						18300,
						3,
						0
					],
					[
						18600,
						1,
						0
					],
					[
						18750,
						2,
						0
					],
					[
						18900,
						0,
						0
					],
					[
						19050,
						1,
						0
					]
				],
				"typeOfSection": 0,
				"mustHitSection": true,
				"changeBPM": false,
				"bpm": 175
			},
			{
				"lengthInSteps": 16,
				"sectionNotes": [
					[
						19200,
						3,
						0
					],
					[
						19350,
						2,
						0
					],
					[
						19500,
						3,
						0
					],
					[
						19650,
						0,
						0
					],
					[
						19800,
						1,
						0
					],
					[
						19950,
						3,
						0
					],
					[
						20100,
						1,
						0
					],
					[
						20250,
						2,
						0
					],
					[
						20400,
						1,
						0
					],
					[
						20550,
						0,
						0
					],
					[
						20700,
						1,
						0
					],
					[
						20850,
						2,
						0
					],
					[
						21000,
						1,
						0
					],
					[
						21300,
						3,
						0
					]
				],
				"typeOfSection": 0,
				"mustHitSection": true,
				"changeBPM": false,
				"bpm": 175
			},
			{
				"lengthInSteps": 16,
				"sectionNotes": [
					[
						21600,
						2,
						0
					],
					[
						21750,
						0,
						0
					],
					[
						21900,
						3,
						0
					],
					[
						22200,
						0,
						0
					],
					[
						22500,
						1,
						0
					],
					[
						22650,
						2,
						0
					],
					[
						22950,
						0,
						0
					],
					[
						23100,
						1,
						0
					],
					[
						23250,
						2,
						0
					],
					[
						23550,
						1,
						0
					],
					[
						23700,
						2,
						0
					],
					[
						23850,
						1,
						0
					],
					[
						23400,
						3,
						0
					]
				],
				"typeOfSection": 0,
				"mustHitSection": false,
				"changeBPM": false,
				"bpm": 175
			},
			{
				"lengthInSteps": 16,
				"sectionNotes": [
					[
						24000,
						2,
						0
					],
					[
						24150,
						0,
						0
					],
					[
						24300,
						3,
						0
					],
					[
						24600,
						0,
						0
					],
					[
						24750,
						3,
						0
					],
					[
						24900,
						2,
						0
					],
					[
						25050,
						0,
						0
					],
					[
						25350,
						2,
						0
					],
					[
						25500,
						0,
						0
					],
					[
						25650,
						3,
						0
					],
					[
						25800,
						2,
						150
					],
					[
						26100,
						1,
						150
					]
				],
				"typeOfSection": 0,
				"mustHitSection": false,
				"changeBPM": false,
				"bpm": 175
			},
			{
				"lengthInSteps": 16,
				"sectionNotes": [
					[
						26400,
						2,
						0
					],
					[
						26550,
						0,
						0
					],
					[
						26700,
						3,
						0
					],
					[
						27000,
						0,
						0
					],
					[
						27300,
						1,
						0
					],
					[
						27450,
						2,
						0
					],
					[
						27750,
						0,
						0
					],
					[
						27900,
						1,
						0
					],
					[
						28350,
						1,
						0
					],
					[
						28650,
						1,
						0
					],
					[
						28200,
						2,
						0
					],
					[
						28500,
						0,
						0
					]
				],
				"typeOfSection": 0,
				"mustHitSection": true,
				"changeBPM": false,
				"bpm": 175
			},
			{
				"lengthInSteps": 16,
				"sectionNotes": [
					[
						28800,
						3,
						0
					],
					[
						28950,
						2,
						0
					],
					[
						29100,
						3,
						0
					],
					[
						29250,
						0,
						0
					],
					[
						29400,
						1,
						0
					],
					[
						29550,
						3,
						0
					],
					[
						29700,
						1,
						0
					],
					[
						29850,
						2,
						0
					],
					[
						30000,
						1,
						0
					],
					[
						30150,
						0,
						0
					],
					[
						30300,
						1,
						0
					],
					[
						30450,
						2,
						0
					],
					[
						30600,
						1,
						0
					],
					[
						30900,
						3,
						0
					]
				],
				"typeOfSection": 0,
				"mustHitSection": true,
				"changeBPM": false,
				"bpm": 175
			},
			{
				"lengthInSteps": 16,
				"sectionNotes": [
					[
						31200,
						2,
						0
					],
					[
						31350,
						1,
						0
					],
					[
						31500,
						0,
						0
					],
					[
						31650,
						3,
						0
					],
					[
						31800,
						0,
						0
					],
					[
						31950,
						2,
						0
					],
					[
						32100,
						1,
						0
					],
					[
						32250,
						3,
						0
					],
					[
						32400,
						2,
						0
					],
					[
						32550,
						1,
						0
					],
					[
						32700,
						3,
						0
					],
					[
						32850,
						0,
						0
					],
					[
						33000,
						3,
						0
					],
					[
						33150,
						2,
						0
					],
					[
						33300,
						1,
						0
					]
				],
				"typeOfSection": 0,
				"mustHitSection": false,
				"changeBPM": false,
				"bpm": 175
			},
			{
				"lengthInSteps": 16,
				"sectionNotes": [
					[
						33600,
						2,
						0
					],
					[
						33750,
						1,
						0
					],
					[
						33900,
						0,
						0
					],
					[
						34050,
						3,
						0
					],
					[
						34200,
						0,
						0
					],
					[
						35250,
						0,
						0
					],
					[
						34500,
						0,
						0
					],
					[
						34950,
						0,
						0
					],
					[
						35100,
						2,
						0
					],
					[
						35400,
						2,
						0
					],
					[
						34800,
						2,
						0
					],
					[
						34650,
						3,
						0
					],
					[
						35700,
						2,
						0
					],
					[
						35850,
						0,
						0
					],
					[
						35550,
						0,
						0
					]
				],
				"typeOfSection": 0,
				"mustHitSection": false,
				"changeBPM": false,
				"bpm": 175
			},
			{
				"lengthInSteps": 16,
				"sectionNotes": [
					[
						36000,
						2,
						0
					],
					[
						36150,
						1,
						0
					],
					[
						36300,
						0,
						0
					],
					[
						36450,
						3,
						0
					],
					[
						36600,
						0,
						0
					],
					[
						36750,
						2,
						0
					],
					[
						36900,
						1,
						0
					],
					[
						37050,
						3,
						0
					],
					[
						37200,
						2,
						0
					],
					[
						37350,
						1,
						0
					],
					[
						37500,
						3,
						0
					],
					[
						37650,
						0,
						0
					],
					[
						37800,
						3,
						0
					],
					[
						37950,
						2,
						0
					],
					[
						38100,
						1,
						0
					]
				],
				"typeOfSection": 0,
				"mustHitSection": true,
				"changeBPM": false,
				"bpm": 175
			},
			{
				"lengthInSteps": 16,
				"sectionNotes": [
					[
						38400,
						1,
						150
					],
					[
						38700,
						2,
						150
					],
					[
						39300,
						1,
						150
					],
					[
						39000,
						3,
						150
					],
					[
						39600,
						0,
						150
					],
					[
						39900,
						1,
						0
					],
					[
						40050,
						0,
						0
					],
					[
						40350,
						0,
						0
					],
					[
						40500,
						3,
						0
					],
					[
						40650,
						2,
						0
					]
				],
				"typeOfSection": 0,
				"mustHitSection": true,
				"changeBPM": false,
				"bpm": 175
			},
			{
				"lengthInSteps": 16,
				"sectionNotes": [
					[
						40800,
						6,
						0
					],
					[
						41100,
						6,
						0
					],
					[
						41400,
						1,
						0
					],
					[
						41700,
						1,
						0
					],
					[
						41550,
						0,
						0
					],
					[
						41850,
						3,
						0
					],
					[
						42000,
						2,
						0
					],
					[
						42150,
						1,
						0
					],
					[
						42300,
						2,
						0
					],
					[
						42450,
						1,
						0
					],
					[
						42600,
						0,
						0
					],
					[
						42750,
						1,
						0
					],
					[
						42900,
						2,
						0
					],
					[
						43050,
						3,
						0
					]
				],
				"typeOfSection": 0,
				"mustHitSection": true,
				"changeBPM": false,
				"bpm": 175
			},
			{
				"lengthInSteps": 16,
				"sectionNotes": [
					[
						44250,
						3,
						0
					],
					[
						44550,
						3,
						0
					],
					[
						44850,
						3,
						0
					],
					[
						45150,
						2,
						0
					],
					[
						43200,
						1,
						0
					],
					[
						43350,
						3,
						0
					],
					[
						43500,
						1,
						0
					],
					[
						43650,
						3,
						0
					],
					[
						43800,
						1,
						0
					],
					[
						44100,
						1,
						0
					],
					[
						45300,
						3,
						0
					],
					[
						43950,
						2,
						0
					],
					[
						44400,
						1,
						0
					],
					[
						44700,
						1,
						0
					],
					[
						45000,
						1,
						0
					],
					[
						45450,
						1,
						0
					]
				],
				"typeOfSection": 0,
				"mustHitSection": true,
				"changeBPM": false,
				"bpm": 175
			},
			{
				"lengthInSteps": 16,
				"sectionNotes": [
					[
						45600,
						5,
						0
					],
					[
						45900,
						5,
						0
					],
					[
						46200,
						1,
						0
					],
					[
						46500,
						1,
						0
					],
					[
						46350,
						0,
						0
					],
					[
						46650,
						3,
						0
					],
					[
						46800,
						2,
						0
					],
					[
						46950,
						1,
						0
					],
					[
						47100,
						2,
						0
					],
					[
						47250,
						1,
						0
					],
					[
						47400,
						0,
						0
					],
					[
						47550,
						1,
						0
					],
					[
						47700,
						2,
						0
					],
					[
						47850,
						3,
						0
					]
				],
				"typeOfSection": 0,
				"mustHitSection": false,
				"changeBPM": false,
				"bpm": 175
			},
			{
				"lengthInSteps": 16,
				"sectionNotes": [
					[
						48000,
						1,
						450
					],
					[
						48000,
						5,
						450
					],
					[
						48600,
						7,
						450
					],
					[
						49200,
						5,
						450
					],
					[
						49800,
						6,
						450
					],
					[
						48600,
						2,
						450
					],
					[
						49200,
						1,
						450
					],
					[
						49800,
						0,
						450
					]
				],
				"typeOfSection": 0,
				"mustHitSection": false,
				"changeBPM": false,
				"bpm": 175
			},
			{
				"lengthInSteps": 16,
				"sectionNotes": [
					[
						51000,
						1,
						0
					],
					[
						51300,
						1,
						0
					],
					[
						51150,
						0,
						0
					],
					[
						51450,
						3,
						0
					],
					[
						51600,
						2,
						0
					],
					[
						51750,
						1,
						0
					],
					[
						51900,
						2,
						0
					],
					[
						52050,
						1,
						0
					],
					[
						52200,
						0,
						0
					],
					[
						52350,
						1,
						0
					],
					[
						52500,
						2,
						0
					],
					[
						52650,
						3,
						0
					],
					[
						50700,
						6,
						0
					],
					[
						50400,
						6,
						0
					]
				],
				"typeOfSection": 0,
				"mustHitSection": true,
				"changeBPM": false,
				"bpm": 175
			},
			{
				"lengthInSteps": 16,
				"sectionNotes": [
					[
						52800,
						1,
						0
					],
					[
						53100,
						1,
						0
					],
					[
						53250,
						0,
						0
					],
					[
						53400,
						1,
						0
					],
					[
						53550,
						2,
						0
					],
					[
						53700,
						3,
						0
					],
					[
						53850,
						0,
						0
					],
					[
						54000,
						1,
						0
					],
					[
						54150,
						3,
						0
					],
					[
						54300,
						1,
						0
					],
					[
						54450,
						2,
						0
					],
					[
						54600,
						0,
						0
					],
					[
						54750,
						1,
						0
					],
					[
						54900,
						0,
						0
					],
					[
						55050,
						2,
						0
					]
				],
				"typeOfSection": 0,
				"mustHitSection": true,
				"changeBPM": false,
				"bpm": 175
			},
			{
				"lengthInSteps": 16,
				"sectionNotes": [
					[
						55800,
						1,
						0
					],
					[
						56100,
						1,
						0
					],
					[
						55950,
						0,
						0
					],
					[
						56250,
						3,
						0
					],
					[
						56400,
						2,
						0
					],
					[
						56550,
						1,
						0
					],
					[
						56700,
						2,
						0
					],
					[
						56850,
						1,
						0
					],
					[
						57000,
						0,
						0
					],
					[
						57150,
						1,
						0
					],
					[
						57300,
						2,
						0
					],
					[
						57450,
						3,
						0
					],
					[
						55500,
						5,
						0
					],
					[
						55200,
						5,
						0
					]
				],
				"typeOfSection": 0,
				"mustHitSection": false,
				"changeBPM": false,
				"bpm": 175
			},
			{
				"lengthInSteps": 16,
				"sectionNotes": [
					[
						57600,
						1,
						450
					],
					[
						57600,
						5,
						450
					],
					[
						58200,
						7,
						450
					],
					[
						58800,
						5,
						450
					],
					[
						59400,
						6,
						450
					],
					[
						58200,
						2,
						450
					],
					[
						58800,
						1,
						450
					],
					[
						59400,
						0,
						450
					]
				],
				"typeOfSection": 0,
				"mustHitSection": false,
				"changeBPM": false,
				"bpm": 175
			},
			{
				"lengthInSteps": 16,
				"sectionNotes": [
					[
						60000,
						1,
						0
					],
					[
						60300,
						1,
						0
					],
					[
						60600,
						6,
						0
					],
					[
						60900,
						6,
						0
					],
					[
						61200,
						0,
						0
					],
					[
						61350,
						1,
						0
					],
					[
						61500,
						2,
						0
					],
					[
						61650,
						1,
						0
					],
					[
						61950,
						2,
						0
					],
					[
						62100,
						1,
						0
					],
					[
						62250,
						3,
						0
					]
				],
				"typeOfSection": 0,
				"mustHitSection": true,
				"changeBPM": false,
				"bpm": 175
			},
			{
				"lengthInSteps": 16,
				"sectionNotes": [
					[
						62400,
						5,
						0
					],
					[
						62700,
						5,
						0
					],
					[
						63000,
						2,
						0
					],
					[
						63300,
						2,
						0
					],
					[
						63450,
						1,
						0
					],
					[
						64050,
						1,
						150
					],
					[
						64350,
						3,
						0
					],
					[
						64500,
						0,
						0
					],
					[
						64650,
						1,
						0
					],
					[
						63600,
						3,
						0
					],
					[
						63900,
						3,
						0
					]
				],
				"typeOfSection": 0,
				"mustHitSection": false,
				"changeBPM": false,
				"bpm": 175
			},
			{
				"lengthInSteps": 16,
				"sectionNotes": [
					[
						66000,
						0,
						0
					],
					[
						66150,
						1,
						0
					],
					[
						66300,
						2,
						0
					],
					[
						66450,
						1,
						0
					],
					[
						66750,
						2,
						0
					],
					[
						66900,
						1,
						0
					],
					[
						67050,
						3,
						0
					],
					[
						64800,
						2,
						0
					],
					[
						65100,
						2,
						0
					],
					[
						65400,
						5,
						0
					],
					[
						65700,
						5,
						0
					]
				],
				"typeOfSection": 0,
				"mustHitSection": false,
				"changeBPM": false,
				"bpm": 175
			},
			{
				"lengthInSteps": 16,
				"sectionNotes": [
					[
						67200,
						1,
						0
					],
					[
						67350,
						2,
						0
					],
					[
						67500,
						1,
						0
					],
					[
						67650,
						3,
						0
					],
					[
						67800,
						0,
						0
					],
					[
						67950,
						1,
						0
					],
					[
						68100,
						0,
						0
					],
					[
						68250,
						2,
						0
					],
					[
						68400,
						1,
						150
					],
					[
						68700,
						0,
						150
					],
					[
						69000,
						2,
						150
					],
					[
						69300,
						3,
						150
					]
				],
				"typeOfSection": 0,
				"mustHitSection": true,
				"changeBPM": false,
				"bpm": 175
			},
			{
				"lengthInSteps": 16,
				"sectionNotes": [
					[
						69600,
						1,
						0
					],
					[
						69900,
						1,
						0
					],
					[
						70200,
						6,
						0
					],
					[
						70500,
						6,
						0
					],
					[
						70800,
						0,
						0
					],
					[
						70950,
						1,
						0
					],
					[
						71100,
						2,
						0
					],
					[
						71250,
						1,
						0
					],
					[
						71550,
						2,
						0
					],
					[
						71700,
						1,
						0
					],
					[
						71850,
						3,
						0
					]
				],
				"typeOfSection": 0,
				"mustHitSection": true,
				"changeBPM": false,
				"bpm": 175
			},
			{
				"lengthInSteps": 16,
				"sectionNotes": [
					[
						72000,
						5,
						0
					],
					[
						72300,
						5,
						0
					],
					[
						72600,
						2,
						0
					],
					[
						72900,
						2,
						0
					],
					[
						73050,
						1,
						0
					],
					[
						73650,
						1,
						150
					],
					[
						73950,
						3,
						0
					],
					[
						74100,
						0,
						0
					],
					[
						74250,
						1,
						0
					],
					[
						73200,
						3,
						0
					],
					[
						73500,
						3,
						0
					]
				],
				"typeOfSection": 0,
				"mustHitSection": false,
				"changeBPM": false,
				"bpm": 175
			},
			{
				"lengthInSteps": 16,
				"sectionNotes": [
					[
						75600,
						0,
						0
					],
					[
						75750,
						1,
						0
					],
					[
						75900,
						2,
						0
					],
					[
						76050,
						1,
						0
					],
					[
						76350,
						2,
						0
					],
					[
						76500,
						1,
						0
					],
					[
						76650,
						3,
						0
					],
					[
						74400,
						2,
						0
					],
					[
						74700,
						2,
						0
					],
					[
						75000,
						5,
						0
					],
					[
						75300,
						5,
						0
					]
				],
				"typeOfSection": 0,
				"mustHitSection": false,
				"changeBPM": false,
				"bpm": 175
			},
			{
				"lengthInSteps": 16,
				"sectionNotes": [
					[
						76800,
						1,
						0
					],
					[
						76950,
						2,
						0
					],
					[
						77100,
						1,
						0
					],
					[
						77250,
						3,
						0
					],
					[
						77400,
						0,
						0
					],
					[
						77550,
						1,
						0
					],
					[
						77700,
						0,
						0
					],
					[
						77850,
						2,
						0
					],
					[
						78000,
						1,
						150
					],
					[
						78300,
						0,
						150
					],
					[
						78600,
						2,
						150
					],
					[
						78900,
						3,
						150
					]
				],
				"typeOfSection": 0,
				"mustHitSection": true,
				"changeBPM": false,
				"bpm": 175
			},
			{
				"lengthInSteps": 16,
				"sectionNotes": [
					[
						79200,
						2,
						0
					],
					[
						79350,
						0,
						0
					],
					[
						79500,
						3,
						0
					],
					[
						79800,
						0,
						0
					],
					[
						80100,
						1,
						0
					],
					[
						80250,
						2,
						0
					],
					[
						80550,
						0,
						0
					],
					[
						80700,
						3,
						0
					],
					[
						81000,
						1,
						0
					],
					[
						81150,
						2,
						0
					],
					[
						81300,
						0,
						0
					]
				],
				"typeOfSection": 0,
				"mustHitSection": false,
				"changeBPM": false,
				"bpm": 175
			},
			{
				"lengthInSteps": 16,
				"sectionNotes": [
					[
						81600,
						2,
						0
					],
					[
						81750,
						0,
						0
					],
					[
						81900,
						3,
						0
					],
					[
						82200,
						0,
						0
					],
					[
						82500,
						1,
						0
					],
					[
						82650,
						2,
						0
					],
					[
						82800,
						1,
						0
					],
					[
						82950,
						3,
						0
					],
					[
						83100,
						1,
						0
					],
					[
						83250,
						2,
						0
					],
					[
						83400,
						0,
						0
					],
					[
						83700,
						2,
						0
					],
					[
						83850,
						1,
						0
					]
				],
				"typeOfSection": 0,
				"mustHitSection": false,
				"changeBPM": false,
				"bpm": 175
			},
			{
				"lengthInSteps": 16,
				"sectionNotes": [
					[
						84000,
						2,
						0
					],
					[
						84150,
						0,
						0
					],
					[
						84300,
						3,
						0
					],
					[
						84600,
						0,
						0
					],
					[
						84900,
						1,
						0
					],
					[
						85050,
						2,
						0
					],
					[
						85350,
						0,
						0
					],
					[
						85500,
						3,
						0
					],
					[
						85800,
						1,
						0
					],
					[
						85950,
						2,
						0
					],
					[
						86100,
						0,
						0
					],
					[
						86250,
						1,
						0
					]
				],
				"typeOfSection": 0,
				"mustHitSection": true,
				"changeBPM": false,
				"bpm": 175
			},
			{
				"lengthInSteps": 16,
				"sectionNotes": [
					[
						86400,
						3,
						0
					],
					[
						86550,
						2,
						0
					],
					[
						86700,
						3,
						0
					],
					[
						86850,
						0,
						0
					],
					[
						87000,
						1,
						0
					],
					[
						87150,
						3,
						0
					],
					[
						87300,
						1,
						0
					],
					[
						87450,
						2,
						0
					],
					[
						87600,
						1,
						0
					],
					[
						87750,
						0,
						0
					],
					[
						87900,
						1,
						0
					],
					[
						88050,
						2,
						0
					],
					[
						88200,
						1,
						0
					],
					[
						88500,
						3,
						0
					]
				],
				"typeOfSection": 0,
				"mustHitSection": true,
				"changeBPM": false,
				"bpm": 175
			},
			{
				"lengthInSteps": 16,
				"sectionNotes": [
					[
						88800,
						2,
						0
					],
					[
						88950,
						0,
						0
					],
					[
						89100,
						3,
						0
					],
					[
						89400,
						0,
						0
					],
					[
						89700,
						1,
						0
					],
					[
						89850,
						2,
						0
					],
					[
						90150,
						0,
						0
					],
					[
						90300,
						1,
						0
					],
					[
						90450,
						2,
						0
					],
					[
						90750,
						1,
						0
					],
					[
						90900,
						2,
						0
					],
					[
						91050,
						1,
						0
					],
					[
						90600,
						3,
						0
					]
				],
				"typeOfSection": 0,
				"mustHitSection": false,
				"changeBPM": false,
				"bpm": 175
			},
			{
				"lengthInSteps": 16,
				"sectionNotes": [
					[
						91200,
						2,
						0
					],
					[
						91350,
						0,
						0
					],
					[
						91500,
						3,
						0
					],
					[
						91800,
						0,
						0
					],
					[
						91950,
						3,
						0
					],
					[
						92100,
						2,
						0
					],
					[
						92250,
						0,
						0
					],
					[
						92550,
						2,
						0
					],
					[
						92700,
						0,
						0
					],
					[
						92850,
						3,
						0
					],
					[
						93000,
						2,
						150
					],
					[
						93300,
						1,
						150
					]
				],
				"typeOfSection": 0,
				"mustHitSection": false,
				"changeBPM": false,
				"bpm": 175
			},
			{
				"lengthInSteps": 16,
				"sectionNotes": [
					[
						93600,
						2,
						0
					],
					[
						93750,
						0,
						0
					],
					[
						93900,
						3,
						0
					],
					[
						94200,
						0,
						0
					],
					[
						94500,
						1,
						0
					],
					[
						94650,
						2,
						0
					],
					[
						94950,
						0,
						0
					],
					[
						95100,
						1,
						0
					],
					[
						95550,
						1,
						0
					],
					[
						95850,
						1,
						0
					],
					[
						95400,
						2,
						0
					],
					[
						95700,
						0,
						0
					]
				],
				"typeOfSection": 0,
				"mustHitSection": true,
				"changeBPM": false,
				"bpm": 175
			},
			{
				"lengthInSteps": 16,
				"sectionNotes": [
					[
						96000,
						3,
						0
					],
					[
						96150,
						2,
						0
					],
					[
						96300,
						3,
						0
					],
					[
						96450,
						0,
						0
					],
					[
						96600,
						1,
						0
					],
					[
						96750,
						3,
						0
					],
					[
						96900,
						1,
						0
					],
					[
						97050,
						2,
						0
					],
					[
						97200,
						1,
						0
					],
					[
						97350,
						0,
						0
					],
					[
						97500,
						1,
						0
					],
					[
						97650,
						2,
						0
					],
					[
						97800,
						1,
						0
					],
					[
						98100,
						3,
						0
					]
				],
				"typeOfSection": 0,
				"mustHitSection": true,
				"changeBPM": false,
				"bpm": 175
			},
			{
				"lengthInSteps": 16,
				"sectionNotes": [],
				"typeOfSection": 0,
				"mustHitSection": true,
				"changeBPM": false,
				"bpm": 175
			},
			{
				"lengthInSteps": 16,
				"sectionNotes": [],
				"typeOfSection": 0,
				"mustHitSection": false,
				"changeBPM": false,
				"bpm": 175
			},
			{
				"lengthInSteps": 16,
				"sectionNotes": [],
				"typeOfSection": 0,
				"mustHitSection": false,
				"changeBPM": false,
				"bpm": 175
			},
			{
				"lengthInSteps": 16,
				"sectionNotes": [],
				"typeOfSection": 0,
				"mustHitSection": false,
				"changeBPM": false,
				"bpm": 175
			},
			{
				"lengthInSteps": 16,
				"sectionNotes": [],
				"typeOfSection": 0,
				"mustHitSection": false,
				"changeBPM": false,
				"bpm": 175
			},
			{
				"lengthInSteps": 16,
				"sectionNotes": [],
				"typeOfSection": 0,
				"mustHitSection": true,
				"changeBPM": false,
				"bpm": 175
			},
			{
				"lengthInSteps": 16,
				"sectionNotes": [],
				"typeOfSection": 0,
				"mustHitSection": true,
				"changeBPM": false,
				"bpm": 175
			},
			{
				"lengthInSteps": 16,
				"sectionNotes": [],
				"typeOfSection": 0,
				"mustHitSection": true,
				"changeBPM": false,
				"bpm": 175
			},
			{
				"lengthInSteps": 16,
				"sectionNotes": [],
				"typeOfSection": 0,
				"mustHitSection": true,
				"changeBPM": false,
				"bpm": 175
			},
			{
				"lengthInSteps": 16,
				"sectionNotes": [],
				"typeOfSection": 0,
				"mustHitSection": false,
				"changeBPM": false,
				"bpm": 175
			},
			{
				"lengthInSteps": 16,
				"sectionNotes": [],
				"typeOfSection": 0,
				"mustHitSection": false,
				"changeBPM": false,
				"bpm": 175
			},
			{
				"lengthInSteps": 16,
				"sectionNotes": [],
				"typeOfSection": 0,
				"mustHitSection": false,
				"changeBPM": false,
				"bpm": 175
			},
			{
				"lengthInSteps": 16,
				"sectionNotes": [],
				"typeOfSection": 0,
				"mustHitSection": false,
				"changeBPM": false,
				"bpm": 175
			},
			{
				"lengthInSteps": 16,
				"sectionNotes": [],
				"typeOfSection": 0,
				"mustHitSection": true,
				"changeBPM": false,
				"bpm": 175
			},
			{
				"lengthInSteps": 16,
				"sectionNotes": [],
				"typeOfSection": 0,
				"mustHitSection": true,
				"changeBPM": false,
				"bpm": 175
			},
			{
				"lengthInSteps": 16,
				"sectionNotes": [],
				"typeOfSection": 0,
				"mustHitSection": true,
				"changeBPM": false,
				"bpm": 175
			},
			{
				"lengthInSteps": 16,
				"sectionNotes": [],
				"typeOfSection": 0,
				"mustHitSection": true,
				"changeBPM": false,
				"bpm": 175
			},
			{
				"lengthInSteps": 16,
				"sectionNotes": [],
				"typeOfSection": 0,
				"mustHitSection": false,
				"changeBPM": false,
				"bpm": 175
			},
			{
				"lengthInSteps": 16,
				"sectionNotes": [],
				"typeOfSection": 0,
				"mustHitSection": false,
				"changeBPM": false,
				"bpm": 175
			},
			{
				"lengthInSteps": 16,
				"sectionNotes": [],
				"typeOfSection": 0,
				"mustHitSection": false,
				"changeBPM": false,
				"bpm": 175
			},
			{
				"lengthInSteps": 16,
				"sectionNotes": [],
				"typeOfSection": 0,
				"mustHitSection": false,
				"changeBPM": false,
				"bpm": 175
			},
			{
				"lengthInSteps": 16,
				"sectionNotes": [],
				"typeOfSection": 0,
				"mustHitSection": true,
				"changeBPM": false,
				"bpm": 175
			},
			{
				"lengthInSteps": 16,
				"sectionNotes": [],
				"typeOfSection": 0,
				"mustHitSection": true,
				"changeBPM": false,
				"bpm": 175
			},
			{
				"lengthInSteps": 16,
				"sectionNotes": [],
				"typeOfSection": 0,
				"mustHitSection": true,
				"changeBPM": false,
				"bpm": 175
			},
			{
				"lengthInSteps": 16,
				"sectionNotes": [],
				"typeOfSection": 0,
				"mustHitSection": true,
				"changeBPM": false,
				"bpm": 175
			},
			{
				"lengthInSteps": 16,
				"sectionNotes": [],
				"typeOfSection": 0,
				"mustHitSection": true,
				"changeBPM": false,
				"bpm": 175
			},
			{
				"lengthInSteps": 16,
				"sectionNotes": [],
				"typeOfSection": 0,
				"mustHitSection": true,
				"changeBPM": false,
				"bpm": 175
			},
			{
				"lengthInSteps": 16,
				"sectionNotes": [],
				"typeOfSection": 0,
				"mustHitSection": true,
				"changeBPM": false,
				"bpm": 175
			},
			{
				"lengthInSteps": 16,
				"sectionNotes": [],
				"typeOfSection": 0,
				"mustHitSection": true,
				"changeBPM": false,
				"bpm": 175
			},
			{
				"lengthInSteps": 16,
				"sectionNotes": [],
				"typeOfSection": 0,
				"mustHitSection": true,
				"changeBPM": false,
				"bpm": 175
			},
			{
				"lengthInSteps": 16,
				"sectionNotes": [],
				"typeOfSection": 0,
				"mustHitSection": true,
				"changeBPM": false,
				"bpm": 175
			},
			{
				"lengthInSteps": 16,
				"sectionNotes": [],
				"typeOfSection": 0,
				"mustHitSection": true,
				"changeBPM": false,
				"bpm": 175
			},
			{
				"lengthInSteps": 16,
				"sectionNotes": [],
				"typeOfSection": 0,
				"mustHitSection": true,
				"changeBPM": false,
				"bpm": 175
			},
			{
				"lengthInSteps": 16,
				"sectionNotes": [],
				"typeOfSection": 0,
				"mustHitSection": true,
				"changeBPM": false,
				"bpm": 175
			},
			{
				"lengthInSteps": 16,
				"sectionNotes": [],
				"typeOfSection": 0,
				"mustHitSection": true,
				"changeBPM": false,
				"bpm": 175
			},
			{
				"sectionNotes": [],
				"typeOfSection": 0,
				"lengthInSteps": 16,
				"altAnim": false,
				"mustHitSection": true,
				"changeBPM": false,
				"bpm": 175
			},
			{
				"sectionNotes": [],
				"typeOfSection": 0,
				"lengthInSteps": 16,
				"altAnim": false,
				"mustHitSection": true,
				"changeBPM": false,
				"bpm": 100
			},
			{
				"sectionNotes": [],
				"typeOfSection": 0,
				"lengthInSteps": 16,
				"altAnim": false,
				"mustHitSection": true,
				"changeBPM": false,
				"bpm": 100
			},
			{
				"sectionNotes": [],
				"typeOfSection": 0,
				"lengthInSteps": 16,
				"altAnim": false,
				"mustHitSection": true,
				"changeBPM": false,
				"bpm": 100
			},
			{
				"sectionNotes": [],
				"typeOfSection": 0,
				"lengthInSteps": 16,
				"altAnim": false,
				"mustHitSection": true,
				"changeBPM": false,
				"bpm": 100
			},
			{
				"sectionNotes": [],
				"typeOfSection": 0,
				"lengthInSteps": 16,
				"altAnim": false,
				"mustHitSection": true,
				"changeBPM": false,
				"bpm": 100
			},
			{
				"sectionNotes": [],
				"typeOfSection": 0,
				"lengthInSteps": 16,
				"altAnim": false,
				"mustHitSection": true,
				"changeBPM": false,
				"bpm": 100
			},
			{
				"sectionNotes": [],
				"typeOfSection": 0,
				"lengthInSteps": 16,
				"altAnim": false,
				"mustHitSection": true,
				"changeBPM": false,
				"bpm": 100
			},
			{
				"sectionNotes": [],
				"typeOfSection": 0,
				"lengthInSteps": 16,
				"altAnim": false,
				"mustHitSection": true,
				"changeBPM": false,
				"bpm": 100
			},
			{
				"sectionNotes": [],
				"typeOfSection": 0,
				"lengthInSteps": 16,
				"altAnim": false,
				"mustHitSection": true,
				"changeBPM": false,
				"bpm": 100
			},
			{
				"sectionNotes": [],
				"typeOfSection": 0,
				"lengthInSteps": 16,
				"altAnim": false,
				"mustHitSection": true,
				"changeBPM": false,
				"bpm": 100
			},
			{
				"sectionNotes": [],
				"typeOfSection": 0,
				"lengthInSteps": 16,
				"altAnim": false,
				"mustHitSection": true,
				"changeBPM": false,
				"bpm": 100
			},
			{
				"sectionNotes": [],
				"typeOfSection": 0,
				"lengthInSteps": 16,
				"altAnim": false,
				"mustHitSection": true,
				"changeBPM": false,
				"bpm": 100
			},
			{
				"sectionNotes": [],
				"typeOfSection": 0,
				"lengthInSteps": 16,
				"altAnim": false,
				"mustHitSection": true,
				"changeBPM": false,
				"bpm": 100
			},
			{
				"sectionNotes": [],
				"typeOfSection": 0,
				"lengthInSteps": 16,
				"altAnim": false,
				"mustHitSection": true,
				"changeBPM": false,
				"bpm": 100
			},
			{
				"sectionNotes": [],
				"typeOfSection": 0,
				"lengthInSteps": 16,
				"altAnim": false,
				"mustHitSection": true,
				"changeBPM": false,
				"bpm": 100
			},
			{
				"sectionNotes": [],
				"typeOfSection": 0,
				"lengthInSteps": 16,
				"altAnim": false,
				"mustHitSection": true,
				"changeBPM": false,
				"bpm": 100
			},
			{
				"sectionNotes": [],
				"typeOfSection": 0,
				"lengthInSteps": 16,
				"altAnim": false,
				"mustHitSection": true,
				"changeBPM": false,
				"bpm": 100
			},
			{
				"lengthInSteps": 16,
				"typeOfSection": 0,
				"sectionNotes": [],
				"altAnim": false,
				"bpm": 100,
				"changeBPM": false,
				"mustHitSection": true
			},
			{
				"lengthInSteps": 16,
				"typeOfSection": 0,
				"sectionNotes": [],
				"altAnim": false,
				"bpm": 100,
				"changeBPM": false,
				"mustHitSection": true
			},
			{
				"sectionNotes": [],
				"typeOfSection": 0,
				"lengthInSteps": 16,
				"altAnim": false,
				"mustHitSection": true,
				"changeBPM": false,
				"bpm": 100
			},
			{
				"sectionNotes": [],
				"typeOfSection": 0,
				"lengthInSteps": 16,
				"altAnim": false,
				"mustHitSection": true,
				"changeBPM": false,
				"bpm": 100
			},
			{
				"lengthInSteps": 16,
				"typeOfSection": 0,
				"sectionNotes": [],
				"altAnim": false,
				"bpm": 100,
				"changeBPM": false,
				"mustHitSection": true
			},
			{
				"lengthInSteps": 16,
				"typeOfSection": 0,
				"sectionNotes": [],
				"altAnim": false,
				"bpm": 100,
				"changeBPM": false,
				"mustHitSection": true
			},
			{
				"lengthInSteps": 16,
				"typeOfSection": 0,
				"sectionNotes": [],
				"altAnim": false,
				"bpm": 100,
				"changeBPM": false,
				"mustHitSection": true
			},
			{
				"lengthInSteps": 16,
				"typeOfSection": 0,
				"sectionNotes": [],
				"altAnim": false,
				"bpm": 100,
				"changeBPM": false,
				"mustHitSection": true
			},
			{
				"sectionNotes": [],
				"typeOfSection": 0,
				"lengthInSteps": 16,
				"altAnim": false,
				"mustHitSection": true,
				"changeBPM": false,
				"bpm": 100
			},
			{
				"lengthInSteps": 16,
				"altAnim": false,
				"typeOfSection": 0,
				"sectionNotes": [],
				"bpm": 100,
				"changeBPM": false,
				"mustHitSection": true
			}
		],
		"player2": "BABbob",
		"gfVersion": "gf-bosip",
		"player3": "gf-bosip",
		"song": "Jump-in",
		"needsVoices": true,
		"sections": 0,
		"stage": "bobandbosipphase1",
		"validScore": true,
		"bpm": 100,
		"speed": 2.1
	}
}