{
	"song": {
		"sectionLengths": [],
		"player1": "bf",
		"gfVersion": "gf-bosip",
		"player2": "BABbob",
		"notes": [
			{
				"typeOfSection": 0,
				"sectionNotes": [],
				"lengthInSteps": 16,
				"bpm": 95,
				"changeBPM": false,
				"mustHitSection": true
			},
			{
				"typeOfSection": 0,
				"sectionNotes": [],
				"lengthInSteps": 16,
				"bpm": 175,
				"changeBPM": false,
				"mustHitSection": false
			},
			{
				"typeOfSection": 0,
				"sectionNotes": [],
				"lengthInSteps": 16,
				"bpm": 175,
				"changeBPM": false,
				"mustHitSection": false
			},
			{
				"typeOfSection": 0,
				"sectionNotes": [],
				"lengthInSteps": 16,
				"bpm": 175,
				"changeBPM": false,
				"mustHitSection": true
			},
			{
				"typeOfSection": 0,
				"sectionNotes": [],
				"lengthInSteps": 16,
				"bpm": 175,
				"changeBPM": false,
				"mustHitSection": true
			},
			{
				"typeOfSection": 0,
				"sectionNotes": [
					[
						12000,
						2,
						0
					],
					[
						12600,
						0,
						0
					],
					[
						12900,
						1,
						0
					],
					[
						13800,
						1,
						0
					],
					[
						12300,
						3,
						0
					],
					[
						13500,
						3,
						0
					],
					[
						13376.25,
						0,
						0
					],
					[
						13091.25,
						2,
						0
					],
					[
						12183.75,
						0,
						0
					],
					[
						14100,
						0,
						0
					],
					[
						13983.75,
						2,
						0
					]
				],
				"lengthInSteps": 16,
				"bpm": 175,
				"changeBPM": false,
				"mustHitSection": false
			},
			{
				"typeOfSection": 0,
				"sectionNotes": [
					[
						14400,
						2,
						0
					],
					[
						15000,
						0,
						0
					],
					[
						15300,
						1,
						0
					],
					[
						15600,
						1,
						0
					],
					[
						15900,
						1,
						0
					],
					[
						16200,
						0,
						0
					],
					[
						16500,
						2,
						0
					],
					[
						14700,
						3,
						0
					],
					[
						15802.5,
						3,
						0
					],
					[
						16080,
						2,
						0
					],
					[
						16687.5,
						1,
						0
					],
					[
						14598.75,
						0,
						0
					],
					[
						15483.75,
						2,
						0
					]
				],
				"lengthInSteps": 16,
				"bpm": 175,
				"changeBPM": false,
				"mustHitSection": false
			},
			{
				"typeOfSection": 0,
				"sectionNotes": [
					[
						16800,
						2,
						0
					],
					[
						17400,
						0,
						0
					],
					[
						17700,
						1,
						0
					],
					[
						18600,
						1,
						0
					],
					[
						17100,
						3,
						0
					],
					[
						18300,
						3,
						0
					],
					[
						18176.25,
						0,
						0
					],
					[
						16991.25,
						0,
						0
					],
					[
						17872.5,
						2,
						0
					],
					[
						19098.75,
						1,
						0
					],
					[
						18780,
						2,
						0
					],
					[
						18900,
						0,
						0
					]
				],
				"lengthInSteps": 16,
				"bpm": 175,
				"changeBPM": false,
				"mustHitSection": true
			},
			{
				"typeOfSection": 0,
				"sectionNotes": [
					[
						19200,
						3,
						0
					],
					[
						19500,
						3,
						0
					],
					[
						19800,
						1,
						0
					],
					[
						20100,
						1,
						0
					],
					[
						20400,
						1,
						0
					],
					[
						20700,
						1,
						0
					],
					[
						21000,
						1,
						0
					],
					[
						21300,
						3,
						0
					],
					[
						19383.75,
						2,
						0
					],
					[
						19691.25,
						0,
						0
					],
					[
						19987.5,
						3,
						0
					],
					[
						20287.5,
						2,
						0
					],
					[
						20580,
						0,
						0
					],
					[
						20876.25,
						2,
						0
					]
				],
				"lengthInSteps": 16,
				"bpm": 175,
				"changeBPM": false,
				"mustHitSection": true
			},
			{
				"typeOfSection": 0,
				"sectionNotes": [
					[
						21600,
						2,
						0
					],
					[
						21900,
						3,
						0
					],
					[
						22200,
						0,
						0
					],
					[
						22500,
						1,
						0
					],
					[
						23700,
						2,
						0
					],
					[
						23400,
						3,
						0
					],
					[
						23280,
						2,
						0
					],
					[
						23100,
						1,
						0
					],
					[
						22991.25,
						0,
						0
					],
					[
						23580,
						1,
						0
					],
					[
						23895,
						1,
						0
					],
					[
						21791.25,
						0,
						0
					],
					[
						22680,
						2,
						0
					]
				],
				"lengthInSteps": 16,
				"bpm": 175,
				"changeBPM": false,
				"mustHitSection": false
			},
			{
				"typeOfSection": 0,
				"sectionNotes": [
					[
						24000,
						2,
						0
					],
					[
						24300,
						3,
						0
					],
					[
						24600,
						0,
						0
					],
					[
						24900,
						2,
						0
					],
					[
						25500,
						0,
						0
					],
					[
						25800,
						2,
						150
					],
					[
						26100,
						1,
						150
					],
					[
						24783.75,
						3,
						0
					],
					[
						25098.75,
						0,
						0
					],
					[
						25391.25,
						2,
						0
					],
					[
						25713.75,
						3,
						0
					],
					[
						24191.25,
						0,
						0
					]
				],
				"lengthInSteps": 16,
				"bpm": 175,
				"changeBPM": false,
				"mustHitSection": false
			},
			{
				"typeOfSection": 0,
				"sectionNotes": [
					[
						26400,
						2,
						0
					],
					[
						27000,
						0,
						0
					],
					[
						27300,
						1,
						0
					],
					[
						28200,
						1,
						0
					],
					[
						26700,
						3,
						0
					],
					[
						27900,
						3,
						0
					],
					[
						27776.25,
						0,
						0
					],
					[
						26591.25,
						0,
						0
					],
					[
						28698.75,
						1,
						0
					],
					[
						27487.5,
						2,
						0
					],
					[
						28500,
						0,
						0
					],
					[
						28383.75,
						2,
						0
					]
				],
				"lengthInSteps": 16,
				"bpm": 175,
				"changeBPM": false,
				"mustHitSection": true
			},
			{
				"typeOfSection": 0,
				"sectionNotes": [
					[
						28800,
						3,
						0
					],
					[
						29100,
						3,
						0
					],
					[
						29400,
						1,
						0
					],
					[
						29700,
						1,
						0
					],
					[
						30000,
						1,
						0
					],
					[
						30300,
						1,
						0
					],
					[
						30600,
						1,
						0
					],
					[
						30900,
						3,
						0
					],
					[
						28983.75,
						2,
						0
					],
					[
						29291.25,
						0,
						0
					],
					[
						29587.5,
						3,
						0
					],
					[
						29887.5,
						2,
						0
					],
					[
						30180,
						0,
						0
					],
					[
						30476.25,
						2,
						0
					]
				],
				"lengthInSteps": 16,
				"bpm": 175,
				"changeBPM": false,
				"mustHitSection": true
			},
			{
				"typeOfSection": 0,
				"sectionNotes": [
					[
						31200,
						2,
						0
					],
					[
						31500,
						0,
						0
					],
					[
						31800,
						0,
						0
					],
					[
						32100,
						1,
						0
					],
					[
						32400,
						2,
						0
					],
					[
						32700,
						3,
						0
					],
					[
						33000,
						3,
						0
					],
					[
						33300,
						1,
						0
					],
					[
						31698.75,
						3,
						0
					],
					[
						31991.25,
						2,
						0
					],
					[
						32283.75,
						3,
						0
					],
					[
						32617.5,
						1,
						0
					],
					[
						32895,
						0,
						0
					],
					[
						31383.75,
						1,
						0
					],
					[
						33195,
						2,
						0
					]
				],
				"lengthInSteps": 16,
				"bpm": 175,
				"changeBPM": false,
				"mustHitSection": false
			},
			{
				"typeOfSection": 0,
				"sectionNotes": [
					[
						33600,
						2,
						0
					],
					[
						33900,
						0,
						0
					],
					[
						34200,
						0,
						0
					],
					[
						34500,
						0,
						0
					],
					[
						35100,
						2,
						0
					],
					[
						35400,
						2,
						0
					],
					[
						34800,
						2,
						0
					],
					[
						34650,
						3,
						0
					],
					[
						35700,
						2,
						0
					],
					[
						33802.5,
						1,
						0
					],
					[
						34087.5,
						3,
						0
					],
					[
						35010,
						0,
						0
					],
					[
						35295,
						0,
						0
					],
					[
						35595,
						3,
						0
					],
					[
						35895,
						0,
						0
					]
				],
				"lengthInSteps": 16,
				"bpm": 175,
				"changeBPM": false,
				"mustHitSection": false
			},
			{
				"typeOfSection": 0,
				"sectionNotes": [
					[
						36000,
						2,
						0
					],
					[
						36300,
						0,
						0
					],
					[
						36600,
						0,
						0
					],
					[
						36900,
						1,
						0
					],
					[
						37200,
						2,
						0
					],
					[
						37500,
						3,
						0
					],
					[
						37800,
						3,
						0
					],
					[
						38100,
						1,
						0
					],
					[
						36498.75,
						3,
						0
					],
					[
						36791.25,
						2,
						0
					],
					[
						37083.75,
						3,
						0
					],
					[
						37417.5,
						1,
						0
					],
					[
						37695,
						0,
						0
					],
					[
						36183.75,
						1,
						0
					],
					[
						37995,
						2,
						0
					]
				],
				"lengthInSteps": 16,
				"bpm": 175,
				"changeBPM": false,
				"mustHitSection": true
			},
			{
				"typeOfSection": 0,
				"sectionNotes": [
					[
						38400,
						1,
						150
					],
					[
						38700,
						2,
						150
					],
					[
						39300,
						1,
						150
					],
					[
						39000,
						3,
						150
					],
					[
						39600,
						0,
						150
					],
					[
						39900,
						1,
						0
					],
					[
						40083.75,
						0,
						0
					],
					[
						40380,
						0,
						0
					],
					[
						40500,
						3,
						0
					],
					[
						40683.75,
						2,
						0
					]
				],
				"lengthInSteps": 16,
				"bpm": 175,
				"changeBPM": false,
				"mustHitSection": true
			},
			{
				"typeOfSection": 0,
				"sectionNotes": [
					[
						40800,
						6,
						0
					],
					[
						41100,
						6,
						0
					],
					[
						41400,
						1,
						0
					],
					[
						42000,
						2,
						0
					],
					[
						42300,
						2,
						0
					],
					[
						42600,
						0,
						0
					],
					[
						42900,
						2,
						0
					],
					[
						41700,
						1,
						0
					],
					[
						42183.75,
						1,
						0
					],
					[
						42491.25,
						1,
						0
					],
					[
						41591.25,
						0,
						0
					],
					[
						41887.5,
						3,
						0
					],
					[
						42798.75,
						1,
						0
					],
					[
						43080,
						3,
						0
					]
				],
				"lengthInSteps": 16,
				"bpm": 175,
				"changeBPM": false,
				"mustHitSection": true
			},
			{
				"typeOfSection": 0,
				"sectionNotes": [
					[
						43200,
						1,
						0
					],
					[
						43500,
						1,
						0
					],
					[
						43800,
						1,
						0
					],
					[
						44100,
						1,
						0
					],
					[
						45300,
						3,
						0
					],
					[
						44295,
						3,
						0
					],
					[
						44591.25,
						3,
						0
					],
					[
						44891.25,
						3,
						0
					],
					[
						45191.25,
						2,
						0
					],
					[
						45472.5,
						0,
						0
					],
					[
						43383.75,
						3,
						0,
						"normal"
					],
					[
						43680,
						3,
						0,
						"normal"
					],
					[
						43976.25,
						2,
						0,
						"normal"
					],
					[
						44400,
						1,
						0,
						"normal"
					],
					[
						44700,
						1,
						0,
						"normal"
					],
					[
						45000,
						1,
						0,
						"normal"
					]
				],
				"lengthInSteps": 16,
				"bpm": 175,
				"changeBPM": false,
				"mustHitSection": true
			},
			{
				"typeOfSection": 0,
				"sectionNotes": [
					[
						46200,
						1,
						0
					],
					[
						46800,
						2,
						0
					],
					[
						47100,
						2,
						0
					],
					[
						47400,
						0,
						0
					],
					[
						47700,
						2,
						0
					],
					[
						46500,
						1,
						0
					],
					[
						46983.75,
						1,
						0
					],
					[
						47291.25,
						1,
						0
					],
					[
						46391.25,
						0,
						0
					],
					[
						46687.5,
						3,
						0
					],
					[
						47598.75,
						1,
						0
					],
					[
						47880,
						3,
						0
					],
					[
						45600,
						5,
						0
					],
					[
						45900,
						5,
						0
					]
				],
				"lengthInSteps": 16,
				"bpm": 175,
				"changeBPM": false,
				"mustHitSection": false
			},
			{
				"typeOfSection": 0,
				"sectionNotes": [
					[
						48000,
						1,
						450
					],
					[
						48000,
						5,
						450
					],
					[
						48600,
						7,
						450
					],
					[
						49200,
						5,
						450
					],
					[
						49800,
						6,
						450
					],
					[
						48600,
						2,
						450
					],
					[
						49200,
						1,
						450
					],
					[
						49800,
						0,
						450
					]
				],
				"lengthInSteps": 16,
				"bpm": 175,
				"changeBPM": false,
				"mustHitSection": false
			},
			{
				"typeOfSection": 0,
				"sectionNotes": [
					[
						51000,
						1,
						0
					],
					[
						51600,
						2,
						0
					],
					[
						51900,
						2,
						0
					],
					[
						52200,
						0,
						0
					],
					[
						52500,
						2,
						0
					],
					[
						51300,
						1,
						0
					],
					[
						51783.75,
						1,
						0
					],
					[
						52091.25,
						1,
						0
					],
					[
						51191.25,
						0,
						0
					],
					[
						51487.5,
						3,
						0
					],
					[
						52398.75,
						1,
						0
					],
					[
						52680,
						3,
						0
					],
					[
						50400,
						6,
						0
					],
					[
						50700,
						6,
						0
					]
				],
				"lengthInSteps": 16,
				"bpm": 175,
				"changeBPM": false,
				"mustHitSection": true
			},
			{
				"typeOfSection": 0,
				"sectionNotes": [
					[
						52800,
						1,
						0
					],
					[
						53100,
						1,
						0
					],
					[
						53400,
						1,
						0
					],
					[
						53700,
						3,
						0
					],
					[
						54000,
						1,
						0
					],
					[
						54300,
						1,
						0
					],
					[
						54600,
						0,
						0
					],
					[
						54900,
						0,
						0
					],
					[
						53283.75,
						0,
						0
					],
					[
						53583.75,
						2,
						0
					],
					[
						53883.75,
						0,
						0
					],
					[
						54176.25,
						3,
						0
					],
					[
						54491.25,
						2,
						0
					],
					[
						54776.25,
						1,
						0
					],
					[
						55080,
						2,
						0
					]
				],
				"lengthInSteps": 16,
				"bpm": 175,
				"changeBPM": false,
				"mustHitSection": true
			},
			{
				"typeOfSection": 0,
				"sectionNotes": [
					[
						55800,
						1,
						0
					],
					[
						56400,
						2,
						0
					],
					[
						56700,
						2,
						0
					],
					[
						57000,
						0,
						0
					],
					[
						57300,
						2,
						0
					],
					[
						56100,
						1,
						0
					],
					[
						56583.75,
						1,
						0
					],
					[
						56891.25,
						1,
						0
					],
					[
						55991.25,
						0,
						0
					],
					[
						56287.5,
						3,
						0
					],
					[
						57198.75,
						1,
						0
					],
					[
						57480,
						3,
						0
					],
					[
						55200,
						5,
						0
					],
					[
						55500,
						5,
						0
					]
				],
				"lengthInSteps": 16,
				"bpm": 175,
				"changeBPM": false,
				"mustHitSection": false
			},
			{
				"typeOfSection": 0,
				"sectionNotes": [
					[
						57600,
						1,
						450
					],
					[
						57600,
						5,
						450
					],
					[
						58200,
						7,
						450
					],
					[
						58800,
						5,
						450
					],
					[
						59400,
						6,
						450
					],
					[
						58200,
						2,
						450
					],
					[
						58800,
						1,
						450
					],
					[
						59400,
						0,
						450
					]
				],
				"lengthInSteps": 16,
				"bpm": 175,
				"changeBPM": false,
				"mustHitSection": false
			},
			{
				"typeOfSection": 0,
				"sectionNotes": [
					[
						60000,
						1,
						0
					],
					[
						60300,
						1,
						0
					],
					[
						60600,
						6,
						0
					],
					[
						60900,
						6,
						0
					],
					[
						61200,
						0,
						0
					],
					[
						62100,
						1,
						0
					],
					[
						61500,
						2,
						0
					],
					[
						61387.5,
						1,
						0
					],
					[
						61672.5,
						1,
						0
					],
					[
						61987.5,
						2,
						0
					],
					[
						62283.75,
						3,
						0
					]
				],
				"lengthInSteps": 16,
				"bpm": 175,
				"changeBPM": false,
				"mustHitSection": true
			},
			{
				"typeOfSection": 0,
				"sectionNotes": [
					[
						62400,
						5,
						0
					],
					[
						62700,
						5,
						0
					],
					[
						63000,
						2,
						0
					],
					[
						63300,
						2,
						0
					],
					[
						64500,
						0,
						0
					],
					[
						63600,
						3,
						0
					],
					[
						63900,
						3,
						0
					],
					[
						63483.75,
						1,
						0
					],
					[
						64676.25,
						1,
						0
					],
					[
						64083.75,
						1,
						150
					],
					[
						64380,
						3,
						0
					]
				],
				"lengthInSteps": 16,
				"bpm": 175,
				"changeBPM": false,
				"mustHitSection": false
			},
			{
				"typeOfSection": 0,
				"sectionNotes": [
					[
						66000,
						0,
						0
					],
					[
						66900,
						1,
						0
					],
					[
						66300,
						2,
						0
					],
					[
						66187.5,
						1,
						0
					],
					[
						66472.5,
						1,
						0
					],
					[
						66787.5,
						2,
						0
					],
					[
						67083.75,
						3,
						0
					],
					[
						64800,
						2,
						0
					],
					[
						65100,
						2,
						0
					],
					[
						65400,
						5,
						0
					],
					[
						65700,
						5,
						0
					]
				],
				"lengthInSteps": 16,
				"bpm": 175,
				"changeBPM": false,
				"mustHitSection": false
			},
			{
				"typeOfSection": 0,
				"sectionNotes": [
					[
						67200,
						1,
						0
					],
					[
						67500,
						1,
						0
					],
					[
						67800,
						0,
						0
					],
					[
						68100,
						0,
						0
					],
					[
						68400,
						1,
						150
					],
					[
						68700,
						0,
						150
					],
					[
						69000,
						2,
						150
					],
					[
						69300,
						3,
						150
					],
					[
						67383.75,
						2,
						0
					],
					[
						67680,
						3,
						0
					],
					[
						67987.5,
						1,
						0
					],
					[
						68276.25,
						2,
						0
					]
				],
				"lengthInSteps": 16,
				"bpm": 175,
				"changeBPM": false,
				"mustHitSection": true
			},
			{
				"typeOfSection": 0,
				"sectionNotes": [
					[
						69600,
						1,
						0
					],
					[
						69900,
						1,
						0
					],
					[
						70200,
						6,
						0
					],
					[
						70500,
						6,
						0
					],
					[
						70800,
						0,
						0
					],
					[
						71700,
						1,
						0
					],
					[
						71100,
						2,
						0
					],
					[
						70987.5,
						1,
						0
					],
					[
						71272.5,
						1,
						0
					],
					[
						71587.5,
						2,
						0
					],
					[
						71883.75,
						3,
						0
					]
				],
				"lengthInSteps": 16,
				"bpm": 175,
				"changeBPM": false,
				"mustHitSection": true
			},
			{
				"typeOfSection": 0,
				"sectionNotes": [
					[
						72000,
						5,
						0
					],
					[
						72300,
						5,
						0
					],
					[
						72600,
						2,
						0
					],
					[
						72900,
						2,
						0
					],
					[
						74100,
						0,
						0
					],
					[
						73200,
						3,
						0
					],
					[
						73500,
						3,
						0
					],
					[
						73083.75,
						1,
						0
					],
					[
						74276.25,
						1,
						0
					],
					[
						73683.75,
						1,
						150
					],
					[
						73987.5,
						3,
						0
					]
				],
				"lengthInSteps": 16,
				"bpm": 175,
				"changeBPM": false,
				"mustHitSection": false
			},
			{
				"typeOfSection": 0,
				"sectionNotes": [
					[
						75600,
						0,
						0
					],
					[
						76500,
						1,
						0
					],
					[
						75900,
						2,
						0
					],
					[
						75787.5,
						1,
						0
					],
					[
						76072.5,
						1,
						0
					],
					[
						76387.5,
						2,
						0
					],
					[
						76683.75,
						3,
						0
					],
					[
						74400,
						2,
						0
					],
					[
						74700,
						2,
						0
					],
					[
						75000,
						5,
						0
					],
					[
						75300,
						5,
						0
					]
				],
				"lengthInSteps": 16,
				"bpm": 175,
				"changeBPM": false,
				"mustHitSection": false
			},
			{
				"typeOfSection": 0,
				"sectionNotes": [
					[
						76800,
						1,
						0
					],
					[
						77100,
						1,
						0
					],
					[
						77400,
						0,
						0
					],
					[
						77700,
						0,
						0
					],
					[
						78000,
						1,
						150
					],
					[
						78300,
						0,
						150
					],
					[
						78600,
						2,
						150
					],
					[
						78900,
						3,
						150
					],
					[
						76983.75,
						2,
						0
					],
					[
						77280,
						3,
						0
					],
					[
						77587.5,
						1,
						0
					],
					[
						77876.25,
						2,
						0
					]
				],
				"lengthInSteps": 16,
				"bpm": 175,
				"changeBPM": false,
				"mustHitSection": true
			},
			{
				"typeOfSection": 0,
				"sectionNotes": [
					[
						79200,
						2,
						0
					],
					[
						79800,
						0,
						0
					],
					[
						80100,
						1,
						0
					],
					[
						81000,
						1,
						0
					],
					[
						79500,
						3,
						0
					],
					[
						80700,
						3,
						0
					],
					[
						80576.25,
						0,
						0
					],
					[
						80291.25,
						2,
						0
					],
					[
						79383.75,
						0,
						0
					],
					[
						81195,
						2,
						0
					],
					[
						81300,
						0,
						0
					]
				],
				"lengthInSteps": 16,
				"bpm": 175,
				"changeBPM": false,
				"mustHitSection": false
			},
			{
				"typeOfSection": 0,
				"sectionNotes": [
					[
						81600,
						2,
						0
					],
					[
						82200,
						0,
						0
					],
					[
						82500,
						1,
						0
					],
					[
						82800,
						1,
						0
					],
					[
						83100,
						1,
						0
					],
					[
						83400,
						0,
						0
					],
					[
						83700,
						2,
						0
					],
					[
						81900,
						3,
						0
					],
					[
						83002.5,
						3,
						0
					],
					[
						83280,
						2,
						0
					],
					[
						83887.5,
						1,
						0
					],
					[
						81798.75,
						0,
						0
					],
					[
						82683.75,
						2,
						0
					]
				],
				"lengthInSteps": 16,
				"bpm": 175,
				"changeBPM": false,
				"mustHitSection": false
			},
			{
				"typeOfSection": 0,
				"sectionNotes": [
					[
						84000,
						2,
						0
					],
					[
						84600,
						0,
						0
					],
					[
						84900,
						1,
						0
					],
					[
						85800,
						1,
						0
					],
					[
						84300,
						3,
						0
					],
					[
						85500,
						3,
						0
					],
					[
						85376.25,
						0,
						0
					],
					[
						84191.25,
						0,
						0
					],
					[
						85072.5,
						2,
						0
					],
					[
						86298.75,
						1,
						0
					],
					[
						85980,
						2,
						0
					],
					[
						86100,
						0,
						0
					]
				],
				"lengthInSteps": 16,
				"bpm": 175,
				"changeBPM": false,
				"mustHitSection": true
			},
			{
				"typeOfSection": 0,
				"sectionNotes": [
					[
						86400,
						3,
						0
					],
					[
						86700,
						3,
						0
					],
					[
						87000,
						1,
						0
					],
					[
						87300,
						1,
						0
					],
					[
						87600,
						1,
						0
					],
					[
						87900,
						1,
						0
					],
					[
						88200,
						1,
						0
					],
					[
						88500,
						3,
						0
					],
					[
						86583.75,
						2,
						0
					],
					[
						86891.25,
						0,
						0
					],
					[
						87187.5,
						3,
						0
					],
					[
						87487.5,
						2,
						0
					],
					[
						87780,
						0,
						0
					],
					[
						88076.25,
						2,
						0
					]
				],
				"lengthInSteps": 16,
				"bpm": 175,
				"changeBPM": false,
				"mustHitSection": true
			},
			{
				"typeOfSection": 0,
				"sectionNotes": [
					[
						88800,
						2,
						0
					],
					[
						89100,
						3,
						0
					],
					[
						89400,
						0,
						0
					],
					[
						89700,
						1,
						0
					],
					[
						90900,
						2,
						0
					],
					[
						90600,
						3,
						0
					],
					[
						90480,
						2,
						0
					],
					[
						90300,
						1,
						0
					],
					[
						90191.25,
						0,
						0
					],
					[
						90780,
						1,
						0
					],
					[
						91095,
						1,
						0
					],
					[
						88991.25,
						0,
						0
					],
					[
						89880,
						2,
						0
					]
				],
				"lengthInSteps": 16,
				"bpm": 175,
				"changeBPM": false,
				"mustHitSection": false
			},
			{
				"typeOfSection": 0,
				"sectionNotes": [
					[
						91200,
						2,
						0
					],
					[
						91500,
						3,
						0
					],
					[
						91800,
						0,
						0
					],
					[
						92100,
						2,
						0
					],
					[
						92700,
						0,
						0
					],
					[
						93000,
						2,
						150
					],
					[
						93300,
						1,
						150
					],
					[
						91983.75,
						3,
						0
					],
					[
						92298.75,
						0,
						0
					],
					[
						92591.25,
						2,
						0
					],
					[
						92913.75,
						3,
						0
					],
					[
						91391.25,
						0,
						0
					]
				],
				"lengthInSteps": 16,
				"bpm": 175,
				"changeBPM": false,
				"mustHitSection": false
			},
			{
				"typeOfSection": 0,
				"sectionNotes": [
					[
						93600,
						2,
						0
					],
					[
						94200,
						0,
						0
					],
					[
						94500,
						1,
						0
					],
					[
						95400,
						1,
						0
					],
					[
						93900,
						3,
						0
					],
					[
						95100,
						3,
						0
					],
					[
						94976.25,
						0,
						0
					],
					[
						93791.25,
						0,
						0
					],
					[
						95898.75,
						1,
						0
					],
					[
						94687.5,
						2,
						0
					],
					[
						95700,
						0,
						0
					],
					[
						95583.75,
						2,
						0
					]
				],
				"lengthInSteps": 16,
				"bpm": 175,
				"changeBPM": false,
				"mustHitSection": true
			},
			{
				"typeOfSection": 0,
				"sectionNotes": [
					[
						96000,
						3,
						0
					],
					[
						96300,
						3,
						0
					],
					[
						96600,
						1,
						0
					],
					[
						96900,
						1,
						0
					],
					[
						97200,
						1,
						0
					],
					[
						97500,
						1,
						0
					],
					[
						97800,
						1,
						0
					],
					[
						98100,
						3,
						0
					],
					[
						96183.75,
						2,
						0
					],
					[
						96491.25,
						0,
						0
					],
					[
						96787.5,
						3,
						0
					],
					[
						97087.5,
						2,
						0
					],
					[
						97380,
						0,
						0
					],
					[
						97676.25,
						2,
						0
					]
				],
				"lengthInSteps": 16,
				"bpm": 175,
				"changeBPM": false,
				"mustHitSection": true
			},
			{
				"typeOfSection": 0,
				"sectionNotes": [],
				"lengthInSteps": 16,
				"bpm": 175,
				"changeBPM": false,
				"mustHitSection": true
			},
			{
				"typeOfSection": 0,
				"sectionNotes": [],
				"lengthInSteps": 16,
				"bpm": 175,
				"changeBPM": false,
				"mustHitSection": false
			},
			{
				"typeOfSection": 0,
				"sectionNotes": [],
				"lengthInSteps": 16,
				"bpm": 175,
				"changeBPM": false,
				"mustHitSection": false
			},
			{
				"typeOfSection": 0,
				"sectionNotes": [],
				"lengthInSteps": 16,
				"bpm": 175,
				"changeBPM": false,
				"mustHitSection": false
			},
			{
				"typeOfSection": 0,
				"sectionNotes": [],
				"lengthInSteps": 16,
				"bpm": 175,
				"changeBPM": false,
				"mustHitSection": false
			},
			{
				"typeOfSection": 0,
				"sectionNotes": [],
				"lengthInSteps": 16,
				"bpm": 175,
				"changeBPM": false,
				"mustHitSection": true
			},
			{
				"typeOfSection": 0,
				"sectionNotes": [],
				"lengthInSteps": 16,
				"bpm": 175,
				"changeBPM": false,
				"mustHitSection": true
			},
			{
				"typeOfSection": 0,
				"sectionNotes": [],
				"lengthInSteps": 16,
				"bpm": 175,
				"changeBPM": false,
				"mustHitSection": true
			},
			{
				"typeOfSection": 0,
				"sectionNotes": [],
				"lengthInSteps": 16,
				"bpm": 175,
				"changeBPM": false,
				"mustHitSection": true
			},
			{
				"typeOfSection": 0,
				"sectionNotes": [],
				"lengthInSteps": 16,
				"bpm": 175,
				"changeBPM": false,
				"mustHitSection": false
			},
			{
				"typeOfSection": 0,
				"sectionNotes": [],
				"lengthInSteps": 16,
				"bpm": 175,
				"changeBPM": false,
				"mustHitSection": false
			},
			{
				"typeOfSection": 0,
				"sectionNotes": [],
				"lengthInSteps": 16,
				"bpm": 175,
				"changeBPM": false,
				"mustHitSection": false
			},
			{
				"typeOfSection": 0,
				"sectionNotes": [],
				"lengthInSteps": 16,
				"bpm": 175,
				"changeBPM": false,
				"mustHitSection": false
			},
			{
				"typeOfSection": 0,
				"sectionNotes": [],
				"lengthInSteps": 16,
				"bpm": 175,
				"changeBPM": false,
				"mustHitSection": true
			},
			{
				"typeOfSection": 0,
				"sectionNotes": [],
				"lengthInSteps": 16,
				"bpm": 175,
				"changeBPM": false,
				"mustHitSection": true
			},
			{
				"typeOfSection": 0,
				"sectionNotes": [],
				"lengthInSteps": 16,
				"bpm": 175,
				"changeBPM": false,
				"mustHitSection": true
			},
			{
				"typeOfSection": 0,
				"sectionNotes": [],
				"lengthInSteps": 16,
				"bpm": 175,
				"changeBPM": false,
				"mustHitSection": true
			},
			{
				"typeOfSection": 0,
				"sectionNotes": [],
				"lengthInSteps": 16,
				"bpm": 175,
				"changeBPM": false,
				"mustHitSection": false
			},
			{
				"typeOfSection": 0,
				"sectionNotes": [],
				"lengthInSteps": 16,
				"bpm": 175,
				"changeBPM": false,
				"mustHitSection": false
			},
			{
				"typeOfSection": 0,
				"sectionNotes": [],
				"lengthInSteps": 16,
				"bpm": 175,
				"changeBPM": false,
				"mustHitSection": false
			},
			{
				"typeOfSection": 0,
				"sectionNotes": [],
				"lengthInSteps": 16,
				"bpm": 175,
				"changeBPM": false,
				"mustHitSection": false
			},
			{
				"typeOfSection": 0,
				"sectionNotes": [],
				"lengthInSteps": 16,
				"bpm": 175,
				"changeBPM": false,
				"mustHitSection": true
			},
			{
				"typeOfSection": 0,
				"sectionNotes": [],
				"lengthInSteps": 16,
				"bpm": 175,
				"changeBPM": false,
				"mustHitSection": true
			},
			{
				"typeOfSection": 0,
				"sectionNotes": [],
				"lengthInSteps": 16,
				"bpm": 175,
				"changeBPM": false,
				"mustHitSection": true
			},
			{
				"typeOfSection": 0,
				"sectionNotes": [],
				"lengthInSteps": 16,
				"bpm": 175,
				"changeBPM": false,
				"mustHitSection": true
			},
			{
				"typeOfSection": 0,
				"sectionNotes": [],
				"lengthInSteps": 16,
				"bpm": 175,
				"changeBPM": false,
				"mustHitSection": true
			},
			{
				"typeOfSection": 0,
				"sectionNotes": [],
				"lengthInSteps": 16,
				"bpm": 175,
				"changeBPM": false,
				"mustHitSection": true
			},
			{
				"typeOfSection": 0,
				"sectionNotes": [],
				"lengthInSteps": 16,
				"bpm": 175,
				"changeBPM": false,
				"mustHitSection": true
			},
			{
				"typeOfSection": 0,
				"sectionNotes": [],
				"lengthInSteps": 16,
				"bpm": 175,
				"changeBPM": false,
				"mustHitSection": true
			},
			{
				"typeOfSection": 0,
				"sectionNotes": [],
				"lengthInSteps": 16,
				"bpm": 175,
				"changeBPM": false,
				"mustHitSection": true
			},
			{
				"typeOfSection": 0,
				"sectionNotes": [],
				"lengthInSteps": 16,
				"bpm": 175,
				"changeBPM": false,
				"mustHitSection": true
			},
			{
				"typeOfSection": 0,
				"sectionNotes": [],
				"lengthInSteps": 16,
				"bpm": 175,
				"changeBPM": false,
				"mustHitSection": true
			},
			{
				"typeOfSection": 0,
				"sectionNotes": [],
				"lengthInSteps": 16,
				"bpm": 175,
				"changeBPM": false,
				"mustHitSection": true
			},
			{
				"typeOfSection": 0,
				"sectionNotes": [],
				"lengthInSteps": 16,
				"bpm": 175,
				"changeBPM": false,
				"mustHitSection": true
			},
			{
				"typeOfSection": 0,
				"sectionNotes": [],
				"lengthInSteps": 16,
				"bpm": 175,
				"changeBPM": false,
				"mustHitSection": true
			},
			{
				"lengthInSteps": 16,
				"typeOfSection": 0,
				"sectionNotes": [],
				"altAnim": false,
				"bpm": 175,
				"changeBPM": false,
				"mustHitSection": true
			},
			{
				"lengthInSteps": 16,
				"typeOfSection": 0,
				"sectionNotes": [],
				"altAnim": false,
				"bpm": 100,
				"changeBPM": false,
				"mustHitSection": true
			},
			{
				"lengthInSteps": 16,
				"typeOfSection": 0,
				"sectionNotes": [],
				"altAnim": false,
				"bpm": 100,
				"changeBPM": false,
				"mustHitSection": true
			},
			{
				"lengthInSteps": 16,
				"typeOfSection": 0,
				"sectionNotes": [],
				"altAnim": false,
				"bpm": 100,
				"changeBPM": false,
				"mustHitSection": true
			},
			{
				"lengthInSteps": 16,
				"typeOfSection": 0,
				"sectionNotes": [],
				"altAnim": false,
				"bpm": 100,
				"changeBPM": false,
				"mustHitSection": true
			},
			{
				"lengthInSteps": 16,
				"typeOfSection": 0,
				"sectionNotes": [],
				"altAnim": false,
				"bpm": 100,
				"changeBPM": false,
				"mustHitSection": true
			},
			{
				"lengthInSteps": 16,
				"typeOfSection": 0,
				"sectionNotes": [],
				"altAnim": false,
				"bpm": 100,
				"changeBPM": false,
				"mustHitSection": true
			},
			{
				"lengthInSteps": 16,
				"typeOfSection": 0,
				"sectionNotes": [],
				"altAnim": false,
				"bpm": 100,
				"changeBPM": false,
				"mustHitSection": true
			},
			{
				"lengthInSteps": 16,
				"typeOfSection": 0,
				"sectionNotes": [],
				"altAnim": false,
				"bpm": 100,
				"changeBPM": false,
				"mustHitSection": true
			},
			{
				"lengthInSteps": 16,
				"typeOfSection": 0,
				"sectionNotes": [],
				"altAnim": false,
				"bpm": 100,
				"changeBPM": false,
				"mustHitSection": true
			},
			{
				"lengthInSteps": 16,
				"typeOfSection": 0,
				"sectionNotes": [],
				"altAnim": false,
				"bpm": 100,
				"changeBPM": false,
				"mustHitSection": true
			},
			{
				"lengthInSteps": 16,
				"typeOfSection": 0,
				"sectionNotes": [],
				"altAnim": false,
				"bpm": 100,
				"changeBPM": false,
				"mustHitSection": true
			},
			{
				"lengthInSteps": 16,
				"typeOfSection": 0,
				"sectionNotes": [],
				"altAnim": false,
				"bpm": 100,
				"changeBPM": false,
				"mustHitSection": true
			},
			{
				"lengthInSteps": 16,
				"typeOfSection": 0,
				"sectionNotes": [],
				"altAnim": false,
				"bpm": 100,
				"changeBPM": false,
				"mustHitSection": true
			},
			{
				"lengthInSteps": 16,
				"typeOfSection": 0,
				"sectionNotes": [],
				"altAnim": false,
				"bpm": 100,
				"changeBPM": false,
				"mustHitSection": true
			},
			{
				"lengthInSteps": 16,
				"typeOfSection": 0,
				"sectionNotes": [],
				"altAnim": false,
				"bpm": 100,
				"changeBPM": false,
				"mustHitSection": true
			},
			{
				"lengthInSteps": 16,
				"typeOfSection": 0,
				"sectionNotes": [],
				"altAnim": false,
				"bpm": 100,
				"changeBPM": false,
				"mustHitSection": true
			},
			{
				"lengthInSteps": 16,
				"typeOfSection": 0,
				"sectionNotes": [],
				"altAnim": false,
				"bpm": 100,
				"changeBPM": false,
				"mustHitSection": true
			},
			{
				"sectionNotes": [],
				"typeOfSection": 0,
				"lengthInSteps": 16,
				"altAnim": false,
				"mustHitSection": true,
				"changeBPM": false,
				"bpm": 100
			},
			{
				"sectionNotes": [],
				"typeOfSection": 0,
				"lengthInSteps": 16,
				"altAnim": false,
				"mustHitSection": true,
				"changeBPM": false,
				"bpm": 100
			},
			{
				"lengthInSteps": 16,
				"typeOfSection": 0,
				"sectionNotes": [],
				"altAnim": false,
				"bpm": 100,
				"changeBPM": false,
				"mustHitSection": true
			},
			{
				"lengthInSteps": 16,
				"typeOfSection": 0,
				"sectionNotes": [],
				"altAnim": false,
				"bpm": 100,
				"changeBPM": false,
				"mustHitSection": true
			},
			{
				"sectionNotes": [],
				"typeOfSection": 0,
				"lengthInSteps": 16,
				"altAnim": false,
				"mustHitSection": true,
				"changeBPM": false,
				"bpm": 100
			},
			{
				"sectionNotes": [],
				"typeOfSection": 0,
				"lengthInSteps": 16,
				"altAnim": false,
				"mustHitSection": true,
				"changeBPM": false,
				"bpm": 100
			},
			{
				"lengthInSteps": 16,
				"typeOfSection": 0,
				"sectionNotes": [],
				"altAnim": false,
				"bpm": 100,
				"changeBPM": false,
				"mustHitSection": true
			},
			{
				"sectionNotes": [],
				"typeOfSection": 0,
				"lengthInSteps": 16,
				"altAnim": false,
				"mustHitSection": true,
				"changeBPM": false,
				"bpm": 100
			},
			{
				"lengthInSteps": 16,
				"typeOfSection": 0,
				"sectionNotes": [],
				"altAnim": false,
				"bpm": 100,
				"changeBPM": false,
				"mustHitSection": true
			},
			{
				"sectionNotes": [],
				"typeOfSection": 0,
				"lengthInSteps": 16,
				"altAnim": false,
				"mustHitSection": true,
				"changeBPM": false,
				"bpm": 100
			},
			{
				"lengthInSteps": 16,
				"altAnim": false,
				"typeOfSection": 0,
				"sectionNotes": [],
				"bpm": 100,
				"changeBPM": false,
				"mustHitSection": true
			}
		],
		"player3": "gf-bosip",
		"song": "Jump-in",
		"validScore": true,
		"stage": "bobandbosipphase1",
		"needsVoices": true,
		"sections": 0,
		"speed": 2.1,
		"bpm": 100
	}
}